141322617117,2016-03-19
141317449172,2016-03-19
141316532814,2016-03-19
141316185584,2016-03-19
141305278524,2016-03-19
141275364624,2016-03-18
141234446784,2016-03-18
141231552259,2016-03-17
141230717614,2016-03-18
141207447681,2016-03-17
141195421189,2016-03-17
141175778899,2016-03-17
141175097044,2016-03-17
141171981474,2016-03-17
141168319569,2016-03-16
141152028855,2016-03-16
141142648994,2016-03-16
141140908424,2016-03-16
141139843764,2016-03-16
141139386499,2016-03-16
141112086959,2016-03-15
141111091314,2016-03-15
141110614464,2016-03-15
141110460154,2016-03-15
141108733214,2016-03-15
141108384634,2016-03-15
141095629358,2016-03-15
141082626649,2016-03-15
141061435819,2016-03-15
141061209299,2016-03-15
141060677654,2016-03-15
141051792409,2016-03-14
141051343979,2016-03-14
141050868009,2016-03-14
141050016149,2016-03-14
141004383004,2016-03-14
141002880089,2016-03-14
140989467809,2016-03-13
140982945839,2016-03-13
140976799874,2016-03-13
140974993344,2016-03-13
140968092864,2016-03-13
140967388214,2016-03-13
140966903659,2016-03-13
140965928344,2016-03-13
140964697254,2016-03-13
140944520419,2016-03-13
140932485504,2016-03-12
140932455994,2016-03-12
140932113454,2016-03-12
140932062669,2016-03-12
140932019594,2016-03-12
140931927009,2016-03-12
140931705044,2016-03-12
140931624894,2016-03-12
140931552464,2016-03-12
140922268089,2016-03-12
140909794024,2016-03-12
140905667264,2016-03-12
140904055984,2016-03-12
140886272074,2016-03-12
140885824689,2016-03-12
140885710344,2016-03-12
140885653034,2016-03-12
140884178169,2016-03-12
140882168449,2016-03-12
140881763484,2016-03-12
140871361229,2016-03-11
140856041704,2016-03-11
140850522874,2016-03-11
140850369204,2016-03-11
140818996264,2016-03-10
140818843999,2016-03-10
140817664934,2016-03-10
140817617554,2016-03-10
140817497114,2016-03-10
140816146274,2016-03-10
140770179349,2016-03-10
140767182859,2016-03-09
140717807859,2016-03-09
140716863264,2016-03-09
140716596404,2016-03-09
140713814289,2016-03-09
140713240044,2016-03-09
140713173499,2016-03-09
140710211984,2016-03-08
140710088884,2016-03-08
140709128089,2016-03-08
140681845129,2016-03-08
140661015059,2016-03-08
140651251224,2016-03-07
140641039874,2016-03-07
140640569144,2016-03-07
140640463264,2016-03-07
140640211504,2016-03-07
140637763533,2016-03-07
140635256369,2016-03-07
140634924199,2016-03-07
140630025334,2016-03-07
140629102779,2016-03-07
140601717464,2016-03-07
140576057011,2016-03-06
140569884239,2016-03-06
140569052839,2016-03-06
140568506544,2016-03-06
140567786754,2016-03-06
140567637059,2016-03-06
140566445584,2016-03-06
140564568009,2016-03-06
140561289664,2016-03-06
140539654629,2016-03-06
140538501829,2016-03-06
140538360119,2016-03-06
140518119284,2016-03-05
140517886604,2016-03-05
140517583069,2016-03-05
140517414449,2016-03-05
140516977244,2016-03-05
140516868814,2016-03-05
140516397406,2016-03-05
140515588679,2016-03-05
140515356839,2016-03-05
140514610589,2016-03-05
140514567814,2016-03-05
140514498604,2016-03-05
140513663015,2016-03-05
140511397934,2016-03-05
140511222154,2016-03-05
140510412924,2016-03-05
140470477484,2016-03-04
140465977349,2016-03-04
140465922939,2016-03-04
140460099965,2016-03-04
140459718919,2016-03-04
140458818479,2016-03-04
140455244806,2016-03-04
140453117604,2016-03-04
140444477579,2016-03-04
140420023879,2016-03-04
140419742089,2016-03-04
140419541454,2016-03-04
140419510934,2016-03-04
140418933729,2016-03-04
140406569604,2016-03-03
140405215239,2016-03-03
140402750434,2016-03-03
140400438459,2016-03-03
140396372644,2016-03-03
140394777369,2016-03-03
140394774304,2016-03-03
140392362429,2016-03-03
140392193184,2016-03-03
140392170389,2016-03-03
140388710184,2016-03-03
140387314039,2016-03-03
140386943729,2016-03-03
140357301389,2016-03-02
140357070509,2016-03-02
140354008414,2016-03-02
140303341509,2016-03-02
140245595649,2016-03-01
140241341609,2016-03-01
140234079099,2016-02-29
140223205859,2016-02-29
140222550519,2016-02-29
140222092454,2016-02-29
140221985609,2016-02-29
140221817764,2016-02-29
140221200019,2016-02-29
140220214854,2016-02-29
140219748239,2016-02-29
140214536729,2016-02-29
140214499729,2016-02-29
140175621289,2016-02-28
140167355254,2016-02-28
140161258989,2016-02-28
140155711754,2016-02-28
140155087414,2016-02-28
140152159824,2016-02-27
140145531629,2016-02-28
140121376069,2016-02-28
140120647359,2016-02-28
140111630644,2016-02-27
140108086524,2016-02-27
140107423979,2016-02-27
140107305694,2016-02-27
140107135619,2016-02-27
140102059764,2016-02-27
140092406584,2016-02-27
140091103484,2016-02-27
140088757459,2016-02-27
140082067594,2016-02-27
140081981634,2016-02-27
140081301549,2016-02-27
140061638654,2016-02-27
140061356124,2016-02-27
140056347309,2016-02-27
140056089524,2016-02-27
140055863369,2016-02-27
140053763119,2016-02-26
140053326869,2016-02-26
140052989249,2016-02-26
140038977414,2016-02-26
140035458124,2016-02-26
139995556654,2016-02-25
139993186419,2016-02-25
139992304174,2016-02-25
139984604304,2016-02-25
139984538424,2016-02-25
139983717104,2016-02-25
139978778989,2016-02-25
139978313294,2016-02-25
139977989609,2016-02-25
139977987674,2016-02-25
139967107199,2016-02-25
139965774474,2016-02-25
139946652839,2016-02-25
139944631344,2016-02-25
139943444764,2016-02-25
139943416644,2016-02-25
139940870064,2016-02-25
139939214669,2016-02-25
139938850579,2016-02-25
139938317314,2016-02-25
139938215614,2016-02-25
139937937794,2016-02-25
139937159014,2016-02-24
139934547749,2016-02-24
139931585384,2016-02-24
139931433319,2016-02-24
139929809619,2016-02-24
139928783554,2016-02-24
139928479724,2016-02-24
139927620924,2016-02-24
139927450249,2016-02-24
139926779554,2016-02-24
139882812129,2016-02-24
139878667944,2016-02-24
139878299049,2016-02-24
139877941529,2016-02-24
139876816544,2016-02-23
139864842264,2016-02-23
139864810614,2016-02-23
139861323719,2016-02-23
139860633014,2016-02-23
139860544004,2016-02-23
139859499419,2016-02-23
139859158094,2016-02-23
139859072884,2016-02-23
139858544819,2016-02-23
139857943464,2016-02-23
139857694579,2016-02-23
139854087839,2016-02-23
139854044459,2016-02-23
139852539349,2016-02-23
139848740284,2016-02-23
139846111934,2016-02-23
139845909119,2016-02-23
139845683664,2016-02-23
139820543184,2016-02-23
139813847429,2016-02-22
139813367884,2016-02-22
139812803839,2016-02-22
139812648784,2016-02-22
139811833699,2016-02-22
139783615159,2016-02-22
139761321429,2016-02-22
139758214059,2016-02-22
139755136029,2016-02-22
139748690279,2016-02-21
139737885249,2016-02-21
139734173934,2016-02-21
139727235434,2016-02-21
139724756894,2016-02-21
139717381144,2016-02-21
139695908274,2016-02-21
139690162369,2016-02-21
139689752679,2016-02-21
139686320229,2016-02-20
139683430524,2016-02-20
139668330404,2016-02-20
139667516829,2016-02-20
139665022094,2016-02-20
139661789764,2016-02-20
139657792504,2016-02-20
139653768679,2016-02-20
139635107544,2016-02-20
139634999544,2016-02-20
139627925374,2016-02-20
139627723024,2016-02-19
139619783174,2016-02-19
139618076254,2016-02-19
139615013289,2016-02-19
139614739099,2016-02-19
139614534119,2016-02-19
139612799494,2016-02-19
139599757984,2016-02-19
139599489074,2016-02-19
139599014889,2016-02-19
139598135859,2016-02-19
139594971004,2016-02-19
139594922564,2016-02-19
139575220419,2016-02-19
139570268324,2016-02-19
139565362854,2016-02-18
139557167454,2016-02-18
139552389949,2016-02-18
139552275354,2016-02-18
139551248399,2016-02-18
139550931474,2016-02-18
139550647989,2016-02-18
139546576729,2016-02-18
139540597974,2016-02-18
139540094404,2016-02-18
139539836339,2016-02-18
139538431209,2016-02-18
139536937014,2016-02-18
139536910084,2016-02-18
139518784654,2016-02-18
139518581544,2016-02-18
139509925869,2016-02-17
139507044714,2016-02-17
139457280524,2016-02-17
139451001269,2016-02-17
139449536199,2016-02-16
139391637254,2016-02-16
139390884039,2016-02-16
139390345844,2016-02-16
139387531869,2016-02-15
139387056849,2016-02-15
139382033729,2016-02-15
139372614959,2016-02-15
139363532749,2016-02-15
139357842219,2016-02-15
139357671069,2016-02-15
139357056529,2016-02-15
139356827969,2016-02-15
139356526664,2016-02-15
139354511504,2016-02-15
139352926889,2016-02-15
139329959289,2016-02-15
139329868839,2016-02-15
139317486769,2016-02-14
139316623014,2016-02-14
139311616429,2016-02-14
139286456664,2016-02-14
139286237984,2016-02-14
139266983704,2016-02-14
139266202019,2016-02-14
139261668949,2016-02-14
139261628419,2016-02-14
139261374994,2016-02-14
139254706394,2016-02-13
139254653089,2016-02-13
139251816744,2016-02-13
139237469654,2016-02-13
139226988094,2016-02-13
139224681914,2016-02-13
139201193399,2016-02-13
139179575874,2016-02-12
139173234724,2016-02-12
139167223779,2016-02-12
139165548529,2016-02-12
139146204519,2016-02-12
139140053834,2016-02-12
139130729284,2016-02-11
139123802839,2016-02-11
139111279599,2016-02-11
139110972674,2016-02-11
139110703684,2016-02-11
139110346489,2016-02-11
139109496764,2016-02-11
139109384694,2016-02-11
139109183549,2016-02-11
139109037914,2016-02-11
139108993684,2016-02-11
139108646634,2016-02-11
139108603844,2016-02-11
139108493084,2016-02-11
139108311589,2016-02-11
139107880654,2016-02-11
139106278659,2016-02-11
139105899099,2016-02-11
139084434224,2016-02-11
139084399414,2016-02-11
139083314759,2016-02-11
139080099929,2016-02-11
139078036114,2016-02-10
139045451564,2016-02-10
139023762824,2016-02-10
139022848584,2016-02-10
139022273974,2016-02-10
138999699694,2016-02-09
138998075264,2016-02-09
138995628904,2016-02-09
138995475454,2016-02-09
138988226669,2016-02-09
138987988639,2016-02-09
138986510999,2016-02-09
138986102099,2016-02-09
138958923864,2016-02-09
138952590054,2016-02-08
138951019534,2016-02-08
138894538864,2016-02-08
138887715449,2016-02-07
138883525954,2016-02-07
138881474149,2016-02-07
138879549474,2016-02-07
138871943389,2016-02-07
138866576369,2016-02-07
138856948929,2016-02-07
138854443719,2016-02-07
138826460494,2016-02-07
138820965439,2016-02-06
138820424894,2016-02-06
138819247244,2016-02-06
138817902299,2016-02-06
138816665659,2016-02-06
138813729204,2016-02-06
138813524324,2016-02-06
138802954974,2016-02-06
138797202924,2016-02-06
138796767824,2016-02-06
138794084099,2016-02-06
138787774109,2016-02-06
138763955304,2016-02-06
138763748969,2016-02-06
138763045754,2016-02-06
138760763579,2016-02-06
138748112894,2016-02-05
138747562144,2016-02-05
138747265194,2016-02-05
138747085119,2016-02-05
138743822169,2016-02-05
138743005004,2016-02-05
138739405054,2016-02-05
138739269254,2016-02-05
138738918323,2016-02-05
138738604099,2016-02-05
138738384474,2016-02-05
138738043464,2016-02-05
138737554824,2016-02-05
138730078194,2016-02-05
138726244934,2016-02-05
138726219644,2016-02-05
138725267789,2016-02-05
138723567634,2016-02-05
138691780644,2016-02-04
138691318604,2016-02-04
138668934714,2016-02-04
138662463019,2016-02-04
138662322499,2016-02-04
138641738469,2016-02-04
138641577094,2016-02-04
138639111844,2016-02-04
138578490762,2016-02-03
138573993159,2016-02-03
138554645319,2016-02-02
138551160219,2016-02-02
138551024584,2016-02-02
138550870974,2016-02-02
138550732924,2016-02-02
138549251414,2016-02-02
138546595099,2016-02-02
138545067334,2016-02-02
138540541304,2016-02-02
138540300704,2016-02-02
138537553429,2016-02-02
138537379369,2016-02-02
138500993249,2016-02-01
138499553974,2016-02-01
138499135804,2016-02-01
138498881019,2016-02-01
138497945414,2016-02-01
138495596994,2016-02-01
138487430349,2016-02-01
138485643954,2016-02-01
138484639604,2016-02-01
138480101819,2016-02-01
138456152704,2016-02-01
138427617904,2016-01-31
138422269944,2016-01-31
138405885294,2016-01-31
138386576139,2016-01-31
138385803504,2016-01-31
138376319824,2016-01-31
138372989189,2016-01-31
138368875289,2016-01-30
138359511659,2016-01-30
138352853864,2016-01-30
138345584854,2016-01-30
138340637484,2016-01-30
138340519314,2016-01-30
138338568354,2016-01-30
138315836814,2016-01-30
138315307474,2016-01-30
138314791464,2016-01-30
138314546259,2016-01-30
138314486144,2016-01-30
138314130004,2016-01-30
138314122274,2016-01-30
138313614254,2016-01-30
138309097394,2016-01-30
138308601239,2016-01-30
138308340664,2016-01-30
138308155649,2016-01-30
138308005559,2016-01-30
138307905694,2016-01-30
138307822654,2016-01-30
138303557934,2016-01-29
138250859089,2016-01-29
138249973514,2016-01-29
138248641089,2016-01-29
138245416949,2016-01-29
138244278924,2016-01-28
138244160754,2016-01-28
138244001204,2016-01-28
138243638929,2016-01-28
138243288299,2016-01-28
138242278659,2016-01-28
138241932644,2016-01-28
138241745609,2016-01-28
138239576679,2016-01-28
138192442809,2016-01-28
138192182374,2016-01-28
138185146524,2016-01-28
138183795689,2016-01-28
138177152329,2016-01-27
138176350774,2016-01-27
138160381169,2016-01-27
138160087894,2016-01-27
138156517234,2016-01-27
138150494669,2016-01-27
138146717094,2016-01-27
138146655674,2016-01-27
138140741369,2016-01-27
138123518209,2016-01-27
138121521564,2016-01-27
138120144024,2016-01-27
138119603244,2016-01-27
138117088734,2016-01-27
138105067569,2016-01-26
138104791459,2016-01-26
138092357404,2016-01-26
138091139219,2016-01-26
138091007394,2016-01-26
138085431379,2016-01-26
138081493569,2016-01-26
138061684989,2016-01-26
138059126614,2016-01-26
138031088794,2016-01-25
138031026494,2016-01-25
138027542519,2016-01-25
137994870769,2016-01-25
137985770154,2016-01-25
137984561434,2016-01-25
137946543199,2016-01-24
137943149879,2016-01-24
137943058999,2016-01-24
137922499524,2016-01-24
137853978309,2016-01-23
137837899649,2016-01-22
137829166989,2016-01-22
137828621304,2016-01-22
137825979194,2016-01-22
137825676719,2016-01-22
137808200049,2016-01-22
137791283944,2016-01-22
137776360624,2016-01-21
137723718744,2016-01-21
137723718379,2016-01-21
137723383489,2016-01-21
137711980734,2016-01-20
137658063599,2016-01-20
137657468229,2016-01-20
137648121609,2016-01-19
137645817909,2016-01-19
137645778149,2016-01-19
137645578849,2016-01-19
137642095799,2016-01-19
137641341894,2016-01-19
137641179599,2016-01-19
137640671434,2016-01-19
137640308119,2016-01-19
137640039929,2016-01-19
137636986959,2016-01-19
137636731189,2016-01-19
137636480329,2016-01-19
137634036809,2016-01-19
137628299169,2016-01-19
137624329899,2016-01-19
137623121494,2016-01-19
137620089174,2016-01-19
137619805509,2016-01-19
137618746569,2016-01-19
137618649389,2016-01-19
137618565384,2016-01-19
137618481854,2016-01-19
137618360569,2016-01-19
137616117329,2016-01-19
137614643049,2016-01-19
137593116224,2016-01-19
137592818924,2016-01-19
137592081734,2016-01-19
137591916004,2016-01-19
137591855324,2016-01-19
137590488924,2016-01-19
137590294174,2016-01-19
137590138494,2016-01-19
137589685074,2016-01-19
137589166859,2016-01-19
137588831319,2016-01-19
137569765344,2016-01-18
137555961479,2016-01-18
137551104929,2016-01-18
137550929259,2016-01-18
137550708364,2016-01-18
137550529864,2016-01-18
137550080729,2016-01-18
137549955724,2016-01-18
137549855709,2016-01-18
137549143429,2016-01-18
137549003129,2016-01-18
137548960084,2016-01-18
137548897459,2016-01-18
137548796254,2016-01-18
137547498834,2016-01-18
137524202719,2016-01-18
137500995064,2016-01-17
137484857634,2016-01-17
137476441734,2016-01-17
137475385924,2016-01-17
137452387709,2016-01-17
137451430274,2016-01-17
137447083399,2016-01-17
137356201554,2016-01-15
137355941669,2016-01-15
137341710594,2016-01-15
137318960449,2016-01-15
137313333134,2016-01-15
137310652489,2016-01-14
137277119524,2016-01-14
137249218829,2016-01-14
137247875769,2016-01-13
137247614524,2016-01-13
137245482054,2016-01-13
137187148244,2016-01-13
137183072694,2016-01-12
137114745264,2016-01-11
137104806454,2016-01-11
137103946839,2016-01-11
137103452849,2016-01-11
137089633104,2016-01-11
137089559264,2016-01-11
137089497869,2016-01-11
137089427344,2016-01-11
137089335789,2016-01-11
137089146359,2016-01-11
137087576949,2016-01-11
137082420204,2016-01-11
137081892934,2016-01-11
137053648919,2016-01-11
137053361264,2016-01-11
137031743589,2016-01-10
137013407674,2016-01-10
136962866691,2016-01-09
136959788126,2016-01-09
136956228529,2016-01-09
136949089794,2016-01-09
136949030594,2016-01-09
136946708229,2016-01-09
136944463829,2016-01-09
136944188329,2016-01-09
136941854919,2016-01-09
136911438734,2016-01-09
136898124124,2016-01-08
136852075974,2016-01-08
136842585014,2016-01-07
136841180989,2016-01-07
136840502959,2016-01-07
136781389304,2016-01-07
136708546664,2016-01-05
136695452679,2016-01-05
136694694849,2016-01-05
136693074349,2016-01-05
136691331449,2016-01-05
136690706624,2016-01-05
136689546014,2016-01-05
136675652199,2016-01-05
136649560164,2016-01-05
136643318204,2016-01-05
136643061374,2016-01-05
136626392614,2016-01-04
136624002069,2016-01-04
136623948324,2016-01-04
136623545804,2016-01-04
136622910389,2016-01-04
136578739389,2016-01-04
136568408494,2016-01-04
136567875889,2016-01-04
136561957609,2016-01-03
136523770589,2016-01-03
136474899859,2016-01-02
136474833444,2016-01-02
136474556114,2016-01-02
136464028189,2016-01-02
136427393039,2016-01-02
136425418244,2016-01-02
136420761804,2016-01-02
136414422389,2016-01-01
136361702184,2016-01-01
136361503159,2016-01-01
136361481019,2016-01-01
136359780774,2016-01-01
136347920299,2015-12-31
136342441259,2015-12-31
136298145449,2015-12-31
136296506094,2015-12-31
136287263914,2015-12-30
136274323189,2015-12-30
136274286899,2015-12-30
136253560684,2015-12-30
136252340699,2015-12-30
136251654924,2015-12-30
136199984159,2015-12-29
136194061099,2015-12-29
136187081149,2015-12-29
136186989689,2015-12-29
136183442889,2015-12-29
136183345949,2015-12-29
136182159489,2015-12-29
136182105979,2015-12-29
136181853754,2015-12-29
136181790304,2015-12-29
136181762919,2015-12-29
136181666229,2015-12-29
136180069724,2015-12-29
136179518569,2015-12-29
136149658444,2015-12-29
136149532829,2015-12-29
136149209809,2015-12-29
136139468574,2015-12-28
136107600149,2015-12-28
136107222619,2015-12-28
136106010604,2015-12-28
136077797129,2015-12-28
136077617189,2015-12-28
136077196979,2015-12-28
136077034219,2015-12-28
136074927784,2015-12-28
136074845509,2015-12-28
136074377209,2015-12-28
136074306519,2015-12-28
136074235259,2015-12-28
136074124059,2015-12-28
136041186009,2015-12-27
136041103009,2015-12-27
135996711929,2015-12-26
135995982329,2015-12-26
135966790519,2015-12-26
135966324359,2015-12-26
135950563629,2015-12-26
135932431484,2015-12-25
135932309799,2015-12-25
135931712424,2015-12-25
135931553234,2015-12-25
135930586409,2015-12-25
135930386059,2015-12-25
135930303844,2015-12-25
135921801612,2015-12-25
135921179139,2015-12-25
135920445164,2015-12-25
135920401894,2015-12-25
135920301064,2015-12-25
135919878299,2015-12-25
135907226584,2015-12-25
135905770009,2015-12-25
135905479594,2015-12-25
135882699224,2015-12-25
135882662484,2015-12-25
135880130799,2015-12-25
135843871214,2015-12-24
135841052464,2015-12-24
135783502434,2015-12-23
135769244024,2015-12-23
135702981384,2015-12-22
135702372359,2015-12-22
135671661164,2015-12-21
135670575639,2015-12-21
135669949159,2015-12-21
135669687194,2015-12-21
135669629774,2015-12-21
135669170934,2015-12-21
135634171029,2015-12-21
135634108294,2015-12-21
135606559219,2015-12-21
135604273524,2015-12-21
135603865539,2015-12-21
135603213154,2015-12-21
135598004219,2015-12-20
135587994989,2015-12-20
135587087299,2015-12-20
135582033389,2015-12-20
135581473329,2015-12-20
135581325254,2015-12-20
135581134329,2015-12-20
135578123194,2015-12-20
135577710159,2015-12-20
135575764269,2015-12-20
135575263429,2015-12-20
135575075449,2015-12-20
135574968464,2015-12-20
135574420364,2015-12-20
135574120244,2015-12-20
135573580569,2015-12-20
135573384484,2015-12-20
135573217629,2015-12-20
135573003194,2015-12-20
135572742179,2015-12-20
135568565714,2015-12-20
135568475594,2015-12-20
135541238074,2015-12-20
135541006524,2015-12-20
135527167204,2015-12-19
135527013409,2015-12-19
135524480599,2015-12-19
135524325954,2015-12-19
135524088149,2015-12-19
135521363529,2015-12-19
135520467934,2015-12-19
135520361124,2015-12-19
135518365664,2015-12-19
135509568849,2015-12-19
135476866549,2015-12-19
135461998234,2015-12-18
135453719404,2015-12-18
135453457424,2015-12-18
135453020219,2015-12-18
135441598749,2015-12-18
135441332734,2015-12-18
135417968299,2015-12-18
135409832749,2015-12-17
135409605549,2015-12-17
135407042324,2015-12-17
135406400609,2015-12-17
135406146779,2015-12-17
135405418809,2015-12-17
135405364539,2015-12-17
135405295849,2015-12-17
135375342174,2015-12-17
135353301424,2015-12-17
135349913809,2015-12-17
135349512029,2015-12-17
135348047629,2015-12-17
135347899234,2015-12-17
135347854279,2015-12-17
135275551699,2015-12-15
135275200474,2015-12-15
135275068524,2015-12-15
135273993534,2015-12-15
135273360629,2015-12-15
135271961854,2015-12-15
135271795804,2015-12-15
135270802694,2015-12-15
135245717904,2015-12-15
135205528549,2015-12-14
135180430764,2015-12-14
135143176919,2015-12-13
135141043414,2015-12-13
135140286394,2015-12-13
135125433216,2015-12-13
135124170029,2015-12-13
135108304509,2015-12-13
135083147959,2015-12-13
135082967754,2015-12-13
135082812894,2015-12-13
135082024369,2015-12-13
135081915764,2015-12-13
135081814424,2015-12-13
135081281164,2015-12-13
135073067479,2015-12-12
135071902419,2015-12-12
135058322114,2015-12-12
135058148424,2015-12-12
135000413839,2015-12-11
135000347699,2015-12-11
135000207899,2015-12-11
135000111449,2015-12-11
134955141409,2015-12-11
134954771554,2015-12-11
134952068234,2015-12-11
134951885219,2015-12-11
134949064759,2015-12-10
134948923649,2015-12-10
134948436844,2015-12-10
134913992999,2015-12-10
134890241924,2015-12-10
134890125674,2015-12-10
134888262429,2015-12-10
134887927039,2015-12-10
134886592384,2015-12-10
134886329519,2015-12-10
134885806824,2015-12-10
134885182954,2015-12-09
134829619834,2015-12-09
134821874849,2015-12-09
134811562604,2015-12-08
134808116914,2015-12-08
134807844904,2015-12-08
134747303559,2015-12-07
134733326469,2015-12-07
134726836954,2015-12-07
134719396279,2015-12-07
134681906439,2015-12-06
134680234839,2015-12-06
134655995839,2015-12-06
134655384984,2015-12-06
134654072279,2015-12-06
134653646389,2015-12-06
134625054484,2015-12-06
134624461664,2015-12-06
134624326379,2015-12-06
134618902124,2015-12-06
134618740029,2015-12-05
134616484004,2015-12-05
134616453834,2015-12-05
134616127544,2015-12-05
134608381399,2015-12-05
134606162649,2015-12-05
134599172133,2015-12-05
134595078784,2015-12-05
134545693499,2015-12-04
134544940049,2015-12-04
134542507549,2015-12-04
134537938614,2015-12-04
134535226549,2015-12-04
134534936314,2015-12-04
134492570124,2015-12-04
134488725019,2015-12-03
134424325084,2015-12-02
134422371269,2015-12-02
134391768894,2015-12-02
134366942024,2015-12-02
134365693609,2015-12-02
134365317384,2015-12-02
134347175049,2015-12-01
134334743089,2015-12-01
134326789844,2015-12-01
134286340444,2015-11-30
134280095724,2015-11-30
134262373904,2015-11-30
134262034354,2015-11-30
134238238449,2015-11-30
134235678329,2015-11-30
134201511124,2015-11-29
134196920599,2015-11-29
134190739754,2015-11-29
134190711024,2015-11-29
134166045619,2015-11-29
134165678704,2015-11-29
134161252919,2015-11-29
134147453684,2015-11-28
134141278309,2015-11-28
134132698274,2015-11-28
134123843869,2015-11-28
134095428199,2015-11-28
134077051424,2015-11-27
134068028267,2015-11-27
134060211689,2015-11-27
134056053734,2015-11-27
133997721874,2015-11-26
133957755519,2015-11-25
133949830424,2015-11-25
133886862729,2015-11-24
133826136019,2015-11-23
133825838389,2015-11-23
133821406464,2015-11-23
133818848959,2015-11-23
133810149184,2015-11-23
133805766134,2015-11-23
133800820964,2015-11-23
133800644899,2015-11-23
133763349054,2015-11-23
133757696049,2015-11-22
133693004144,2015-11-22
133667571089,2015-11-21
133667154969,2015-11-21
133664743294,2015-11-21
133664072364,2015-11-21
133663550814,2015-11-21
133622911749,2015-11-21
133622241529,2015-11-21
133621766354,2015-11-20
133621579894,2015-11-20
133620611304,2015-11-20
133619793084,2015-11-20
133619157359,2015-11-20
133618678019,2015-11-20
133618564849,2015-11-20
133611386304,2015-11-20
133604074979,2015-11-20
133602959644,2015-11-20
133599458389,2015-11-20
133597885929,2015-11-20
133548413194,2015-11-19
133491446039,2015-11-18
133491341914,2015-11-18
133490848924,2015-11-18
133490523304,2015-11-18
133489368194,2015-11-18
133461580994,2015-11-18
133461008764,2015-11-18
133438119759,2015-11-18
133437158044,2015-11-18
133427968199,2015-11-17
133427789354,2015-11-17
133426185163,2015-11-17
133422958223,2015-11-17
133414251678,2015-11-17
133413792449,2015-11-17
133351929504,2015-11-16
133346622331,2015-11-16
133331382624,2015-11-16
133306796169,2015-11-16
133302684924,2015-11-16
133296117539,2015-11-15
133292628739,2015-11-15
133287921091,2015-11-15
133284356789,2015-11-15
133280892668,2015-11-15
133277497544,2015-11-15
133226802319,2015-11-14
133210741122,2015-11-14
133207614477,2015-11-14
133207148609,2015-11-14
133198949574,2015-11-14
133157642604,2015-11-13
133156428110,2015-11-13
133156223179,2015-11-13
133147401942,2015-11-13
133144740231,2015-11-13
133135883544,2015-11-13
133104931369,2015-11-13
133104639494,2015-11-13
133094493989,2015-11-12
133040494454,2015-11-12
133040291159,2015-11-12
133038751109,2015-11-12
133038705324,2015-11-12
133038097339,2015-11-12
133032256129,2015-11-11
133031783144,2015-11-11
133029661639,2015-11-11
133029265269,2015-11-11
133028613249,2015-11-11
133027489274,2015-11-11
133024257974,2015-11-11
133015258124,2015-11-11
133013648294,2015-11-11
133012837199,2015-11-11
133012836914,2015-11-11
133012037544,2015-11-11
133011251089,2015-11-11
133008878429,2015-11-11
133008878059,2015-11-11
133008877794,2015-11-11
133008877544,2015-11-11
133003138859,2015-11-11
133002510424,2015-11-11
133001900174,2015-11-11
133001899984,2015-11-11
133001899654,2015-11-11
133001899419,2015-11-11
133001300889,2015-11-11
133001300714,2015-11-11
133001300509,2015-11-11
133001300269,2015-11-11
133001300054,2015-11-11
133001299884,2015-11-11
133001299709,2015-11-11
133001299364,2015-11-11
133000719764,2015-11-11
133000719574,2015-11-11
133000719394,2015-11-11
133000719249,2015-11-11
133000172864,2015-11-11
133000172714,2015-11-11
132997250194,2015-11-11
132995666244,2015-11-11
132971773729,2015-11-11
132971176424,2015-11-11
132967374854,2015-11-11
132966144439,2015-11-11
132966143969,2015-11-11
132966143534,2015-11-11
132966143104,2015-11-11
132961738844,2015-11-10
132960871884,2015-11-10
132960871669,2015-11-10
132960816199,2015-11-10
132959979099,2015-11-10
132959093234,2015-11-10
132958194084,2015-11-10
132958193614,2015-11-10
132958193199,2015-11-10
132957580318,2015-11-10
132957293289,2015-11-10
132957293024,2015-11-10
132956418214,2015-11-10
132955493884,2015-11-10
132955493619,2015-11-10
132955493389,2015-11-10
132955492999,2015-11-10
132954533424,2015-11-10
132954532949,2015-11-10
132954343110,2015-11-10
132953588889,2015-11-10
132953588639,2015-11-10
132952718259,2015-11-10
132952369744,2015-11-10
132952355079,2015-11-10
132950258199,2015-11-10
132949508619,2015-11-10
132949508404,2015-11-10
132949508249,2015-11-10
132949508029,2015-11-10
132949507874,2015-11-10
132949507679,2015-11-10
132949507499,2015-11-10
132891110354,2015-11-09
132888708734,2015-11-09
132882851766,2015-11-09
132870204139,2015-11-09
132868110229,2015-11-09
132868027689,2015-11-09
132866985504,2015-11-09
132866556239,2015-11-09
132866485799,2015-11-09
132865495534,2015-11-09
132864986029,2015-11-09
132841255604,2015-11-09
132839817709,2015-11-09
132835664864,2015-11-09
132833364144,2015-11-08
132833277549,2015-11-08
132832325529,2015-11-08
132832157784,2015-11-08
132830343749,2015-11-08
132829996049,2015-11-08
132827698469,2015-11-08
132826043319,2015-11-08
132824947074,2015-11-08
132823616214,2015-11-08
132823205904,2015-11-08
132822967004,2015-11-08
132822232829,2015-11-08
132818675324,2015-11-08
132818074149,2015-11-08
132817047548,2015-11-08
132814594994,2015-11-08
132813498913,2015-11-08
132810034799,2015-11-08
132803771994,2015-11-08
132803455934,2015-11-08
132803213439,2015-11-08
132799935044,2015-11-08
132789655409,2015-11-08
132761040684,2015-11-08
132746007122,2015-11-07
132676974001,2015-11-06
132676160819,2015-11-06
132668988554,2015-11-06
132664134304,2015-11-06
132659814404,2015-11-06
132628277049,2015-11-05
132626902439,2015-11-05
132595047609,2015-11-05
132560851459,2015-11-04
132558874594,2015-11-04
132538347374,2015-11-04
132533163194,2015-11-04
132510740364,2015-11-04
132510391184,2015-11-04
132510318724,2015-11-04
132510237669,2015-11-04
132505310804,2015-11-04
132503348169,2015-11-04
132482261581,2015-11-03
132478672304,2015-11-03
132474462369,2015-11-03
132474462149,2015-11-03
132430895884,2015-11-02
132421888132,2015-11-02
132418887407,2015-11-02
132416024853,2015-11-02
132402456469,2015-11-02
132401008054,2015-11-02
132398793569,2015-11-02
132398554549,2015-11-02
132370169684,2015-11-02
132369602344,2015-11-02
132348759949,2015-11-01
132341499378,2015-11-01
132302499479,2015-11-01
132286044119,2015-10-31
132263997744,2015-10-31
132233029629,2015-10-30
132203211674,2015-10-30
132118323739,2015-10-29
132112410414,2015-10-28
132106829949,2015-10-28
132093198382,2015-10-28
132073847999,2015-10-28
132052424264,2015-10-28
131970462159,2015-10-26
131955437329,2015-10-26
131946541684,2015-10-26
131920895349,2015-10-26
131913930464,2015-10-25
131906003884,2015-10-25
131894876598,2015-10-25
131891491619,2015-10-25
131829341804,2015-10-24
131818304564,2015-10-24
131808930534,2015-10-24
131763757021,2015-10-23
131760874108,2015-10-23
131754860649,2015-10-23
131743831204,2015-10-23
131710901734,2015-10-22
131655842139,2015-10-22
131652370779,2015-10-22
131590165519,2015-10-21
131562335632,2015-10-20
131502411359,2015-10-19
131502008439,2015-10-19
131498082949,2015-10-19
131496769415,2015-10-19
131451224774,2015-10-18
131445154864,2015-10-18
131437163758,2015-10-18
131432987759,2015-10-18
131429992916,2015-10-18
131426572757,2015-10-18
131416469129,2015-10-18
131411308249,2015-10-18
131385787364,2015-10-18
131370025439,2015-10-17
131368123334,2015-10-17
131345177079,2015-10-17
131317595744,2015-10-17
131300401509,2015-10-16
131297450350,2015-10-16
131239533807,2015-10-15
131236318958,2015-10-15
131230471196,2015-10-15
131187335624,2015-10-15
131183098374,2015-10-14
131179010119,2015-10-14
131125113214,2015-10-14
131119247559,2015-10-13
131118466289,2015-10-13
131044486014,2015-10-12
131022191194,2015-10-12
130986856334,2015-10-12
130983098479,2015-10-11
130916424509,2015-10-11
130909404384,2015-10-10
130893020144,2015-10-10
130891232584,2015-10-10
130847619614,2015-10-10
130784056589,2015-10-09
130777722784,2015-10-08
130716940624,2015-10-08
130691027725,2015-10-07
130654182429,2015-10-07
130648101014,2015-10-06
130647330414,2015-10-06
130414819162,2015-10-03
130411551170,2015-10-03
130361571641,2015-10-02
130358410375,2015-10-02
130350321849,2015-10-02
130346034561,2015-10-02
130276897002,2015-10-01
130231369549,2015-09-30
130209023717,2015-09-30
130146117994,2015-09-29
130143142981,2015-09-29
130140319901,2015-09-29
130133146459,2015-09-29
130100320939,2015-09-29
130093751209,2015-09-28
129999943799,2015-09-27
129996371864,2015-09-27
129869790151,2015-09-25
129866453723,2015-09-25
129863176695,2015-09-25
129860143576,2015-09-25
129857301126,2015-09-25
129854574529,2015-09-25
129601647864,2015-09-21
129582902389,2015-09-21
129501750516,2015-09-20
129430882639,2015-09-19
129427650709,2015-09-19
129357851668,2015-09-18
129225137438,2015-09-16
129222421145,2015-09-16
129095109701,2015-09-14
129091533784,2015-09-14
129088211911,2015-09-14
129085119987,2015-09-14
129082132012,2015-09-14
129023532699,2015-09-13
129019596786,2015-09-13
129015673702,2015-09-13
129011887963,2015-09-13
129008100696,2015-09-13
129004424219,2015-09-13
128933685266,2015-09-12
128930510204,2015-09-12
128930278279,2015-09-12
128926845578,2015-09-12
128863238977,2015-09-11
128860203297,2015-09-11
128857376856,2015-09-11
128854643368,2015-09-11
128790248211,2015-09-10
128787370239,2015-09-10
128784615502,2015-09-10
128730638611,2015-09-09
128727275718,2015-09-09
128723954553,2015-09-09
128720990668,2015-09-09
128718219038,2015-09-09
128715480375,2015-09-09
128587566493,2015-09-07
128583642982,2015-09-07
128579700622,2015-09-07
128575854567,2015-09-07
128572072020,2015-09-07
128568325744,2015-09-07
128493785085,2015-09-06
128490175095,2015-09-06
128431083395,2015-09-05
128424257784,2015-09-05
128420921313,2015-09-05
128417521856,2015-09-05
128364554084,2015-09-04
128364352054,2015-09-04
128354051017,2015-09-04
128350743944,2015-09-04
128347673137,2015-09-04
128344765776,2015-09-04
128341872751,2015-09-04
128336219304,2015-09-04
128275874083,2015-09-03
128272835771,2015-09-03
128201328357,2015-09-02
128198238266,2015-09-02
128195144466,2015-09-02
128131037388,2015-09-01
128127427954,2015-09-01
128124093004,2015-09-01
128120980423,2015-09-01
128117899367,2015-09-01
128070776934,2015-09-01
128070716484,2015-09-01
128059800067,2015-08-31
128055913676,2015-08-31
128052085327,2015-08-31
128048392190,2015-08-31
128045027745,2015-08-31
128041807016,2015-08-31
127973642847,2015-08-30
127969613306,2015-08-30
127965606464,2015-08-30
127961709191,2015-08-30
127957886338,2015-08-30
127936535304,2012-09-14
127936365669,2012-09-10
127936074184,2012-09-12
127901436841,2015-08-30
127898084435,2015-08-29
127894631012,2015-08-29
127891036535,2015-08-29
127887474307,2015-08-29
127886329924,2015-08-29
127880489351,2015-08-29
127877011657,2015-08-29
127873600975,2015-08-29
127829100554,2015-08-29
127827264250,2015-08-29
127824079434,2015-08-29
127822056294,2015-08-28
127820782945,2015-08-28
127817318213,2015-08-28
127813761485,2015-08-28
127810279984,2015-08-28
127806939654,2015-08-28
127803844647,2015-08-28
127790633304,2015-08-28
127785480654,2015-08-28
127273013119,2015-08-22
127272699489,2015-08-21
126743361454,2015-08-15
126713803339,2015-08-15
126713165309,2015-08-15
126712606939,2015-08-15
126712526484,2015-08-15
126711934369,2015-08-15
126578635974,2015-08-13
126541287899,2015-08-12
126537162934,2015-08-12
126429193344,2015-08-11
126216595044,2015-08-09
126211359084,2015-08-09
126112706414,2015-08-07
126043346299,2015-08-06
126003357074,2015-08-06
125720756224,2015-08-03
125597357134,2015-08-01
125461165519,2015-07-30
125451415029,2015-07-30
124994510824,2015-07-25
121367905114,2015-06-12
120942026094,2015-06-07
120432257979,2015-06-01
120285907009,2015-05-30
119879130689,2015-05-25
119878572624,2015-05-25
119595044374,2015-05-22
118109978469,2015-05-04
118038866894,2015-05-03
117799973459,2015-04-30
117601135129,2015-04-28
117597811299,2015-04-28
117464516619,2015-04-26
117278956049,2015-04-24
117134980839,2015-04-23
116853645259,2015-04-19
116846900894,2015-04-19
116555365219,2015-04-16
116399625944,2015-04-14
115794692899,2015-04-07
115254124634,2015-04-02
115076229959,2015-03-31
114833203264,2015-03-28
114079609434,2015-03-19
114078423909,2015-03-19
114063126989,2015-03-19
113858009284,2015-03-17
113773418309,2015-03-16
113773289004,2015-03-16
113773079714,2015-03-16
113260991199,2015-03-10
113154411334,2015-03-09
113154293554,2015-03-09
112991045114,2015-03-07
112684155304,2015-03-04
112227695184,2015-02-27
111650750374,2015-02-21
110632421174,2015-02-10
110591236879,2015-02-10
110245278234,2015-02-06
109890386039,2015-02-02
109671108864,2015-01-31
109567977784,2015-01-30
109503819049,2015-01-29
109094806264,2015-01-25
109093058939,2015-01-25
109092172469,2015-01-25
108537940849,2015-01-19
108503782479,2015-01-19
108435357094,2015-01-18
108366146004,2015-01-17
108114286689,2015-01-14
108037044079,2015-01-14
107937603244,2015-01-13
107809854214,2015-01-11
107718295884,2015-01-10
107717490314,2015-01-10
107590103479,2015-01-09
107587053224,2015-01-09
107586357664,2015-01-09
107363752014,2015-01-07
107218001494,2015-01-05
107157923859,2015-01-04
107140807649,2015-01-04
107122962059,2015-01-04
107038295849,2015-01-03
107023685969,2015-01-03
107004390929,2015-01-03
106923545534,2015-01-02
106852037704,2015-01-02
106758198369,2015-01-01
106757394399,2015-01-01
106661029614,2014-12-31
106600397544,2014-12-30
106599727724,2014-12-30
106468790459,2014-12-29
106455126989,2014-12-28
106314158419,2014-12-27
106284080144,2014-12-27
106275671649,2014-12-27
106266429174,2014-12-26
106266123679,2014-12-26
106264301634,2014-12-26
106262327664,2014-12-26
106261733429,2014-12-26
106078774289,2014-12-24
106074816424,2014-12-24
105999204824,2014-12-23
105955575484,2014-12-23
105921224074,2014-12-23
105921119109,2014-12-23
105920626814,2014-12-23
105919633689,2014-12-23
105918934734,2014-12-23
105764531589,2014-12-21
105681415234,2014-12-20
105654353794,2014-12-20
105260565089,2014-12-15
105202679799,2014-12-14
105201849429,2014-12-14
105137741724,2014-12-14
105080779864,2014-12-13
105013944784,2014-12-12
105009311279,2014-12-12
105003527889,2014-12-12
104921736009,2014-12-11
104612728664,2014-12-07
104573700019,2014-12-07
104573414009,2014-12-07
104571789954,2014-12-07
104517568139,2014-12-06
104452642659,2014-12-06
104450609734,2014-12-06
104443235824,2014-12-05
104442646564,2014-12-05
104442481414,2014-12-05
104436073729,2014-12-05
104434334924,2014-12-05
104285060794,2014-12-04
104280823544,2014-12-03
104279611974,2014-12-03
104236967699,2014-12-03
104199041799,2014-12-03
104196933404,2014-12-02
104093543764,2014-12-01
104069570434,2014-12-01
103931479819,2014-11-30
103895001794,2014-11-29
103888222474,2014-11-29
103846284079,2014-11-29
103845848309,2014-11-29
103845637014,2014-11-29
103844578589,2014-11-29
103842934179,2014-11-28
103842074289,2014-11-28
103800747234,2014-11-28
103797181999,2014-11-28
103725222934,2014-11-27
103724466159,2014-11-27
103719046084,2014-11-27
103684821329,2014-11-27
103597171774,2014-11-26
103579828044,2014-11-25
103499957789,2014-11-24
103496519034,2014-11-24
103418586569,2014-11-24
103409910359,2014-11-23
103409384134,2014-11-23
103408567579,2014-11-23
103373552614,2014-11-23
103365817729,2014-11-23
103365734964,2014-11-23
103329187189,2014-11-23
103324830519,2014-11-23
103280163974,2014-11-22
103242731089,2014-11-22
103232962779,2014-11-21
103204523324,2014-11-21
103196249134,2014-11-21
103195814474,2014-11-21
103147631584,2014-11-20
103146028189,2014-11-20
103133724284,2014-11-20
103115324024,2014-11-20
103090613919,2014-11-20
103084192244,2014-11-20
103078303704,2014-11-20
103078033429,2014-11-19
102957607159,2014-11-18
102919731554,2014-11-18
102918238604,2014-11-18
102917755199,2014-11-18
102912193634,2014-11-17
102909122799,2014-11-17
102905814419,2014-11-17
102891975854,2014-11-17
102869253054,2014-11-17
102827575699,2014-11-17
102825066159,2014-11-16
102794152494,2014-11-16
102735950714,2014-11-16
102727368664,2014-11-15
102692785094,2014-11-15
102691961574,2014-11-15
102684698739,2014-11-15
102659085794,2014-11-15
102657008874,2014-11-15
102642536964,2014-11-14
102641384369,2014-11-14
102641104779,2014-11-14
102626888784,2014-11-14
102492664379,2014-11-13
102491130604,2014-11-13
102488698269,2014-11-13
102412115929,2014-11-12
102022547164,2014-11-07
102017895809,2014-11-07
101975698564,2014-11-07
101947915769,2014-11-06
101943702714,2014-11-06
101943366839,2014-11-06
101943034359,2014-11-06
101923330014,2014-11-06
101919428009,2014-11-06
101801974919,2014-11-05
101801781099,2014-11-05
101801619129,2014-11-05
101800764437,2014-11-05
101789172804,2014-11-04
101777524096,2014-11-04
101711101589,2014-11-03
101665815729,2014-11-03
101629729484,2014-11-03
101500472064,2014-11-01
101452293944,2014-10-31
101442874022,2014-10-31
101429892384,2014-10-31
101429447704,2014-10-31
101429295664,2014-10-31
101376111134,2014-10-30
101363944233,2014-10-30
101342401904,2014-10-30
101334638309,2014-10-30
101220778419,2014-10-29
101215751079,2014-10-29
101214449089,2014-10-29
101210789324,2014-10-28
101198906411,2014-10-28
101135343214,2014-10-28
101131370584,2014-10-28
101113474395,2014-10-27
101045535729,2014-10-27
101045034409,2014-10-27
101044461964,2014-10-27
101044192189,2014-10-27
101044084524,2014-10-27
101025958733,2014-10-26
101020430174,2014-10-26
100925075719,2014-10-25
100924645989,2014-10-25
100924355534,2014-10-25
100873267689,2014-10-25
100857944879,2014-10-24
100854955125,2014-10-24
100849089949,2014-10-24
100823700284,2014-10-24
100823696444,2014-10-24
100823695444,2014-10-24
100823694469,2014-10-24
100823693489,2014-10-24
100823692479,2014-10-24
100823691599,2014-10-24
100823690714,2014-10-24
100823683634,2014-10-24
100823678429,2014-10-24
100785275420,2014-10-23
100776603899,2014-10-23
100774516913,2014-10-23
100763732857,2014-10-23
100710301974,2014-10-23
100704062217,2014-10-22
100693016186,2014-10-22
100682092413,2014-10-22
100626326419,2014-10-22
100624114604,2014-10-21
100622833129,2014-10-21
100617225959,2014-10-21
100538264734,2014-10-20
100537968424,2014-10-20
100536744829,2014-10-20
100527807244,2014-10-20
100513707014,2014-10-20
100513644234,2014-10-20
100513205389,2014-10-20
100466011984,2014-10-20
100465537984,2014-10-20
100465073789,2014-10-20
100464699534,2014-10-20
100464169924,2014-10-20
100445384334,2014-10-19
100444280364,2014-10-19
100442754339,2014-10-19
100442400879,2014-10-19
100265582827,2014-10-17
100243825724,2014-10-17
100167832639,2014-10-16
100162396424,2014-10-16
100160397429,2014-10-16
100158185874,2014-10-16
100158182654,2014-10-16
100157482209,2014-10-16
100117630439,2014-10-16
100039206359,2014-10-15
100031386754,2014-10-14
100031215544,2014-10-14
99766348419,2014-10-11
99719519354,2014-10-11
